z,m_b_mean,m_b_sigma,dm_b_dz_mean,dm_b_dz_sigma
0.00299,11.19789370248013,0.028579938122774512,622.3912571414555,23.34586184019558
0.02821232323232323,16.11231393998635,0.02063829443541752,1.4949756873258073,5.978330638525531
0.05343464646464646,17.53935523494473,0.01755525778232967,-10.109950235596607,10.98077480621004
0.0786569696969697,18.41732716764952,0.017753550725229987,-4.324212919837043,14.489645682187613
0.10387929292929293,19.057644866673947,0.018691148207825505,2.6546124859216484,14.649855996812285
0.12910161616161614,19.564057887989815,0.01945902347531259,8.31509084508319,13.331655699478443
0.15432393939393937,19.984212235965202,0.019951281822040395,12.403560645858779,11.528386575235798
0.1795462626262626,20.34404952638955,0.020273826763994866,15.132890730167464,9.697958121002113
0.20476858585858584,20.65929510994725,0.020563877473329627,16.780825095461545,8.043514497197615
0.22999090909090908,20.940215901237966,0.02093438909494609,17.597958954412185,6.649927584360275
0.2552132323232323,21.193890420191416,0.021456949530803543,17.789867617922724,5.542405247028479
0.28043555555555555,21.425406224002234,0.022160963251787052,17.51896969615883,4.712170939440424
0.30565787878787876,21.638541547310204,0.023041789189733684,16.91126267765665,4.129246773189313
0.330880202020202,21.836176940077802,0.02407298918835387,16.063632353410394,3.7508748893965147
0.3561025252525252,22.020555887544166,0.02521878407752931,15.05036015486501,3.5293204704893144
0.3813248484848485,22.193456661675285,0.02644393386851868,13.928418331480863,3.419659140167232
0.4065471717171717,22.356309830015665,0.027719818561179287,12.741568768229465,3.38536045354238
0.4317694949494949,22.510281188454666,0.029026933950418693,11.523459625457503,3.4000095123657856
0.45699181818181817,22.65633184677919,0.030354793989433967,10.299948976605968,3.4459338333954825
0.4822141414141414,22.795262684740106,0.031700370832405005,9.090854899776541,3.511639469894979
0.5074364646464646,22.92774779747328,0.033065979814898006,7.911287168442259,3.589461368027614
0.532658787878788,23.05435999732383,0.03445718020280651,6.77267369171445,3.6739408632769384
0.5578811111111112,23.175590474014513,0.03588097019907414,5.6835597075629,3.7608894353319444
0.5831034343434344,23.291864091927035,0.03734436693779807,4.65023235855503,3.8469196290235366
0.6083257575757576,23.403551388303754,0.0388533701469199,3.6772077959180023,3.929238466998194
0.6335480808080808,23.510978052408042,0.04041227467233867,2.7676093680902345,4.005565025934232
0.6587704040404041,23.61443246642937,0.042023288685516184,1.9234602089150221,4.07409323303557
0.6839927272727273,23.71417174522013,0.043686413068961365,1.1459094663892833,4.133461196979562
0.7092150505050505,23.810426605712255,0.04539953740410712,0.4354077767904144,4.182712632843921
0.7344373737373737,23.90340531676782,0.047158708447132776,-0.20815561492927415,4.2212492563379005
0.759659696969697,23.993296919128458,0.04895852729257174,-0.7853443429552387,4.248779346116565
0.7848820202020202,24.080273858597288,0.050792629384995576,-1.2970873795969462,4.265269619134167
0.8101043434343435,24.164494141032765,0.05265419430539177,-1.7446065287530785,4.270906596993416
0.8353266666666667,24.24610309392088,0.054536418982225825,-2.1293545305624844,4.266070342931321
0.8605489898989899,24.325234805673936,0.056432873755052376,-2.4529609068560325,4.251318137626455
0.8857713131313132,24.4020133092872,0.0583376600008264,-2.7171843873263635,4.227369435672479
0.9109936363636364,24.47655357822039,0.060245322107003334,-2.923872482366534,4.195079150841092
0.9362159595959596,24.54896240259292,0.062150548462566964,-3.0749300122902756,4.15538815666269
0.9614382828282828,24.619339204276717,0.06404780573920224,-3.1722984564251986,4.109250430859643
0.9866606060606061,24.687776824948397,0.06593112422583623,-3.217946433296916,4.057552145110408
1.0118829292929292,24.754362286094924,0.06779421679010621,-3.213868934543269,4.00104915406283
1.0371052525252524,24.81917748916449,0.06963095971356179,-3.1620905206885594,3.9403459036338595
1.0623275757575759,24.882299813454498,0.07143607644869894,-3.0646670514303374,3.8759209435494677
1.087549898989899,24.943802583499693,0.07320576795090121,-2.9236821095756933,3.80818380731075
1.1127722222222223,25.00375540607588,0.0749380796056798,-2.7412371213742226,3.737538248225831
1.1379945454545455,25.062224402526407,0.07663293270024917,-2.5194367201646517,3.6644312716795815
1.1632168686868687,25.11927237382962,0.07829188050083773,-2.2603721242641535,3.589379471444485
1.188439191919192,25.17495893314721,0.07991771335119122,-1.9661051649385777,3.512975019499363
1.213661515151515,25.229340629881563,0.08151403259037522,-1.6386546997505966,3.435878822413763
1.2388838383838383,25.282471077478675,0.08308487233005503,-1.2799861298719113,3.358808368685945
1.2641061616161615,25.334401088387395,0.08463440368971747,-0.8920039843548486,3.282525281154001
1.289328484848485,25.385178814645077,0.08616672458320856,-0.47654712846421954,3.2078247982923442
1.3145508080808082,25.434849890691634,0.08768572210297708,-0.0353860234129973,3.1355273906637815
1.3397731313131314,25.483457574960504,0.08919498977623841,0.42977850378098,3.066471625673366
1.3649954545454546,25.53104288752989,0.090697783257821,0.9173154225778023,3.0015069920622794
1.3902177777777778,25.57764474202785,0.09219700157059546,1.4256629252691488,2.941485409840331
1.415440101010101,25.62330007077597,0.09369518472177935,1.9533273537279965,2.887250395587164
1.4406624242424242,25.668043942745776,0.0951945215638922,2.498881789601553,2.8396232386414995
1.4658847474747474,25.711909674291395,0.09669686396147383,3.060964418769001,2.7993860401152046
1.4911070707070706,25.754928932859094,0.09820374478517285,3.6382767453282434,2.7672620548836484
1.516329393939394,25.797131834005068,0.09971639817618766,4.22958170682679,2.7438944117371427
1.5415517171717172,25.838547032109144,0.10123578108384161,4.83370172705974,2.7298248781235386
1.5667740404040404,25.87920180519239,0.10276259541183484,5.449516732693985,2.725474752549819
1.5919963636363637,25.919122134238346,0.10429731030614561,6.0759621533082715,2.731130072391917
1.6172186868686869,25.958332777398958,0.10584018423782045,6.71202691990013,2.7469330275565107
1.64244101010101,25.99685733944348,0.10739128661184656,7.356751473706488,2.7728807798141584
1.6676633333333333,26.03471833678153,0.10895051868874878,8.009225794822521,2.808831930662498
1.6928856565656565,26.071937258367726,0.1105176336491504,8.668587458285188,2.8545198722638125
1.7181079797979797,26.108534622771632,0.11209225566860043,9.33401972383509,2.9095714275039333
1.7433303030303031,26.14453003167401,0.1136738979029168,10.004749664373767,2.9735287041702323
1.7685526262626263,26.17994222003297,0.11526197931403151,10.680046337128447,3.0458720095034058
1.7937749494949495,26.21478910314238,0.11685584029307777,11.359219000681824,3.1260419375361863
1.8189972727272727,26.24908782079248,0.11845475706118147,12.041615380290837,3.2134592242559026
1.844219595959596,26.282854778723504,0.12005795484905041,12.72661998329123,3.3075415204960867
1.8694419191919192,26.316105687552945,0.1216646198739645,13.413652465844294,3.4077167432332085
1.8946642424242424,26.348855599342656,0.12327391014721994,14.102166051820804,3.5134330642065668
1.9198865656565656,26.381118941960413,0.12488496515664126,14.79164600422431,3.6241658584927214
1.9451088888888888,26.412909551381194,0.126496914477634,15.481608149221278,3.7394220757365444
1.9703312121212122,26.444240702061624,0.128108885372698,16.171597452564527,3.8587425408434166
1.9955535353535354,26.47512513551398,0.12972000944362533,16.861186647959958,3.9817026707036773
2.0207758585858584,26.505575087194973,0.13132942840306325,17.549974916730335,4.107912036850363
2.045998181818182,26.53560231181998,0.1329362990330412,18.237586617967267,4.23701313182941
2.071220505050505,26.56521810720231,0.1345397973976873,18.923670068230503,4.368679623324887
2.0964428282828282,26.594433336713607,0.13613912237596548,19.607896369746797,4.502614312649136
2.1216651515151517,26.623258450452262,0.13773349857807504,20.289958285975075,4.638546956736708
2.1468874747474747,26.651703505202967,0.1393221787063604,20.969569163339603,4.776232066197802
2.172109797979798,26.679778183263704,0.14090444541835756,21.646461897881967,4.915446755668212
2.197332121212121,26.707491810211216,0.14247961274610663,22.320387945547523,5.05598869527976
2.2225544444444445,26.734853371673083,0.14404702712219097,22.991116374796675,5.1976741919774785
2.2477767676767675,26.761871529166296,0.1456060680592439,23.658432960217457,5.3403364150887995
2.272999090909091,26.788554635062802,0.1471561485259485,24.322139315809654,5.483823770651731
2.298221414141414,26.814910746734636,0.14869671505892695,24.982052066611676,5.627998422412455
2.3234437373737373,26.840947639929382,0.15022724764640594,25.638002057348828,5.772734953214389
2.3486660606060608,26.866672821423727,0.1517472594161894,26.289833596793073,5.917919158032135
2.3738883838383837,26.892093540998772,0.1532562961573009,26.937403736541523,6.063446958634906
2.399110707070707,26.917216802778057,0.15475393570167995,27.58058158294009,6.209223429410886
2.42433303030303,26.94204937596705,0.15623978718953685,28.219247640901553,6.355161923968189
2.4495553535353536,26.96659780502999,0.15771349023941098,28.85329318839273,6.501183292550252
2.4747776767676766,26.990868419337577,0.15917471404159594,29.48261968039174,6.647215180924247
2.5,27.014867342316407,0.16062315639143948,30.107138181145594,6.793191402124098
