z,mu_mean,mu_sigma,dl_mpc_mean,dl_mpc_sigma
0.0,,,0.0,0.0
0.01,33.06730180440506,0.03845137559232511,41.07026484180822,0.7257836358116393
0.02,34.62004981116737,0.022776068527382277,83.9524804757548,0.8794309077929641
0.03,35.49056648091904,0.019898505339979108,125.3520136708781,1.1499061764357728
0.04,36.13081861260336,0.027466634890667925,168.34417453751536,2.135208858499296
0.05,36.63832945475767,0.026170872355097876,212.66548926220162,2.56083732845563
0.060000000000000005,37.06009161049968,0.026082407453505197,258.2552829731357,3.095419406262763
0.06999999999999999,37.420205623992985,0.03075135334444029,304.8485052024567,4.308525536175237
0.08,37.7330048273644,0.0339172077423364,352.0896434849537,5.495164323495494
0.09,38.007771359341085,0.03664450831266713,399.59052990404797,6.718934672155223
0.09999999999999999,38.251032055790134,0.036443160993593925,446.95801418403954,7.487168812940398
0.11,38.46823945060021,0.033581368528443706,493.96838827797967,7.635906767594548
0.12,38.66452065103681,0.02950119795029239,540.6842494849956,7.348534440470719
0.13,38.84443318138212,0.025225437253979296,587.3751966913024,6.83407572768258
0.14,39.01159560300833,0.02250618368274029,634.3693155496107,6.580412970527887
0.15000000000000002,39.16862099097979,0.022268495040844914,681.9409284418247,6.996949236000814
0.16,39.31732431924914,0.023126743363872916,730.2796693794184,7.789341926470646
0.17,39.45898408646256,0.023746220296310943,779.5114283839089,8.537761613663333
0.18000000000000002,39.5945096337808,0.023981323064851963,829.7133929521933,9.174048334069004
0.19,39.724537012657066,0.02410548759357464,880.914681111975,9.790624839616173
0.2,39.84949994528237,0.0242033221143393,933.0966982870347,10.414532528143102
0.21000000000000002,39.96969056241663,0.024145659364106956,986.1992078620545,10.981031672015634
0.22,40.085311874885136,0.02379452561929404,1040.131244205986,11.410796759506772
0.23,40.19652080566029,0.023116310168263203,1094.7840820609258,11.66354499424148
0.24000000000000002,40.30345950975481,0.022164545095098097,1150.0434406528152,11.740782357759958
0.25,40.406274273977246,0.021021667319140847,1205.7990647818272,11.665970156124502
0.26,40.505123915108875,0.019760767126376637,1261.9510906787505,11.467147048270208
0.27,40.60018104728085,0.018437768222216457,1318.4135164832533,11.170496750802274
0.28,40.69162947029993,0.01710143985705887,1375.1154831841816,10.803157359561363
0.29000000000000004,40.77966001884238,0.015807190265347448,1432.0010926051355,10.40040098640325
0.3,40.86446624727859,0.014626327255275167,1489.0283520961711,10.012648418580802
0.31,40.94624061983711,0.013646750506188812,1546.1676704812812,9.708504363699815
0.32,41.02517145213896,0.012962152304772859,1603.4001890122022,9.569849264317652
0.33,41.10144062814413,0.012648854260489496,1660.7161253464426,9.676019797293803
0.34,41.1752220148691,0.012738238494525893,1718.1132335041632,10.080664717571329
0.35000000000000003,41.24668046004474,0.01320317566900576,1775.5954311736218,10.794778007760746
0.36000000000000004,41.31597125274189,0.013970182173750043,1833.171611486228,11.788261449817734
0.37,41.383239936579955,0.014946841186880186,1890.8546348540422,13.006549408677346
0.38,41.44862238061393,0.016045330943988235,1948.660484194645,14.388712138146845
0.39,41.512245029954435,0.017193850975286966,2006.6075611765405,15.878687416390772
0.4,41.57422527444794,0.0183386582033789,2064.716099869075,17.429601970337863
0.41000000000000003,41.63467188829755,0.019441756778857008,2123.0076756866315,19.004137899297323
0.42000000000000004,41.69368550591455,0.020477469043383736,2181.50479048924,20.573315155528558
0.43,41.751359109460466,0.021429254913387874,2240.230518216734,22.114901925935598
0.44,41.80777851157634,0.022287165572213757,2299.2081988882264,23.61193345427185
0.45,41.863022822920776,0.02304593555174966,2358.4611718504493,25.051485915639528
0.46,41.917164898627334,0.023703606631591333,2418.012541659662,26.423724513746468
0.47000000000000003,41.97027176094302,0.02426056443022278,2477.8849719137224,27.72120271553219
0.48000000000000004,42.02240499740542,0.02471888429270485,2538.100503768277,28.938377771750556
0.49,42.07362113521156,0.025081903411252163,2598.6803968616637,30.071305809508534
0.5,42.12397199314542,0.025353954465111333,2659.6449910300826,31.11748116525873
0.51,42.173505012735625,0.02554021127270719,2721.013587601707,32.07578739887556
0.52,42.22226357035477,0.025646609214968873,2782.80434928494,32.94653103075927
0.53,42.27028727184495,0.02567981288824869,2845.034217766007,33.73153307644968
0.54,42.31761223104427,0.025647210878177302,2907.718848145395,34.43425744056117
0.55,42.364271333345,0.02555692294835992,2970.8725593028475,35.059958658366696
0.56,42.41029448517555,0.025417808530699627,3034.5082992105467,35.61583387529418
0.5700000000000001,42.45570885008583,0.025239467427066065,3098.6376241326893,36.111164993729176
0.5800000000000001,42.500539071942256,0.025032224368926888,3163.2706905710033,36.55743643638047
0.59,42.5448074856086,0.0248070888880416,3228.4162587509486,36.96841205951433
0.6,42.588534315401446,0.024575681293837387,3294.0817063992863,37.36015180359897
0.61,42.63173786156085,0.02435011505096603,3360.2730515448648,37.750945526673135
0.62,42.674434674959755,0.024142826296417005,3426.994983082127,38.16113948175765
0.63,42.71663972028564,0.02396634354295812,3494.2508978698997,38.612831938287144
0.64,42.75836652795422,0.023832995635031173,3562.0429431938237,39.129420630475806
0.65,42.799627335053934,0.023754564186114425,3630.3720634953847,39.73499778720063
0.66,42.84043321566387,0.023741897568940608,3699.2380503591803,40.453608807361064
0.67,42.880794200931774,0.023804515289119057,3768.6395948479585,41.30841602821292
0.68,42.92071938934082,0.02395024119757949,3838.574341377862,42.320834266511575
0.6900000000000001,42.96021704762935,0.024184907877210424,3909.0389424299,43.50972241745487
0.7000000000000001,42.99929470285504,0.024512169927505007,3980.0291134946433,44.89071814489321
0.7100000000000001,43.0379592261169,0.02493345042405543,4051.5396877432263,46.475786994866475
0.72,43.07621690845806,0.025448025318807115,4123.564670006471,48.27302559258145
0.73,43.11407352947769,0.02605323007860212,4196.097289725018,50.28671919087686
0.74,43.15153441917532,0.026744756846356757,4269.130052605064,52.517617489459184
0.75,43.18860451354232,0.027517002401901865,4342.654790777726,54.96336816913966
0.76,43.22528840439848,0.028363427775627136,4416.662711314176,57.619038771456154
0.77,43.261590383953134,0.029276897504017598,4491.144442995169,60.47766279895539
0.78,43.297514484547385,0.03024997693786635,4566.090081271915,63.530760190789145
0.79,43.33306451400826,0.03127517662348408,4641.4892313872715,66.7687998884305
0.8,43.36824408701975,0.03234514151387076,4717.33104965162,70.181588556251
0.81,43.403056652888765,0.03345278877742829,4793.604282888396,73.75858219589537
0.8200000000000001,43.43750552005552,0.03459140132378748,4870.29730607975,77.48912573126576
0.8300000000000001,43.47159387767261,0.0357546854213436,4947.3981582548995,81.36263013329305
0.8400000000000001,43.505324814549354,0.03693680063592482,5024.894576672122,85.3686982838556
0.85,43.53870133573364,0.03813236939402679,5102.77402935135,89.49721057212027
0.86,43.57172637697987,0.039336472223254405,5181.023746017993,93.73838001343277
0.87,43.604402817328165,0.04054463343706477,5259.630747520316,98.08278507106304
0.88,43.63673348999985,0.041752800867530714,5338.581873783435,102.52138670814873
0.89,43.66872119179417,0.04295732227486104,5417.8638103622,107.04553469517043
0.9,43.70036869115337,0.04415492028712023,5497.463113653812,111.64696692840548
0.91,43.7316787350464,0.045342667130831585,5577.36623482912,116.31780449197797
0.92,43.762654054806475,0.0465179599739989,5657.559542538927,121.05054440057229
0.93,43.793297371043955,0.04767849738648929,5738.029344449153,125.83805135780395
0.9400000000000001,43.82361139774291,0.04882225720014084,5818.7619076557,130.6735494192412
0.9500000000000001,43.8535988456388,0.049947475898615715,5899.743478027178,135.55061412532734
0.9600000000000001,43.88326242496419,0.05105262956575182,5980.960298520718,140.46316543842525
0.97,43.91260484763974,0.05213641635638308,6062.398626513497,145.4054616564704
0.98,43.94162882898008,0.0531977404143549,6144.044750189974,150.37209436483343
0.99,43.9703370889756,0.05423569714076745,6225.88500402244,155.35798441391498
1.0,43.998732353205526,0.05524955970548834,6307.90578338027,160.35837886210822
1.01,44.02681735343047,0.056238766692727114,6390.093558301309,165.3688487944807
1.02,44.054594827908225,0.05720291077400333,6472.434886456816,170.3852879110908
1.03,44.08206752147092,0.058141728307230696,6554.916425339977,175.40391177111798
1.04,44.109238185397615,0.05905508976762441,6637.5249437062375,180.42125757725822
1.05,44.136109577113025,0.05994299092370002,6720.24733229273,185.43418438671586
1.06,44.162684459738216,0.06080554467932958,6803.070613842596,190.4398736393786
1.07,44.188965601518134,0.06164297351028486,6885.9819524591485,195.43582989943786
1.08,44.21495577514542,0.062455602430587384,6968.968662313984,200.41988171268704
1.09,44.24065775700067,0.0632438524304562,7052.018215732137,205.3901824882203
1.1,44.266074326323675,0.06400823433334535,7135.118250676891,210.34521131913513
1.11,44.29120826433134,0.0647493430248105,7218.256577656122,215.28377366278897
1.12,44.31606235329416,0.0654678520104792,7301.42118607149,220.2050018062087
1.1300000000000001,44.34063937558237,0.06616450826451864,7384.600250031326,225.10835504713614
1.1400000000000001,44.36494211269148,0.0668401273335583,7467.78213364758,229.99361952531927
1.1500000000000001,44.388973344255945,0.06749558866421773,7550.955395836693,234.86090764239268
1.1600000000000001,44.41273584705765,0.06813183112521268,7634.108794644024,239.7106570120133
1.17,44.43623239403615,0.06874984869752768,7717.231291110826,244.54362888479469
1.18,44.45946575330596,0.06935068630842704,7800.3120527025485,249.36090599527975
1.19,44.48243868718547,0.06993543578717434,7883.340456316876,254.16388978070202
1.2,44.505153951241866,0.07050523192224466,7966.306090889368,258.9542969236204
1.21,44.527614293355164,0.07106124860168062,8049.198759614441,263.73415517306836
1.22,44.54982245280452,0.07160469502001988,8132.008481798769,268.50579840147856
1.23,44.57178115937889,0.0721368119369497,8214.725494364113,273.2718608574457
1.24,44.59349313251443,0.07265886797461431,8297.340253015882,278.0352705777387
1.25,44.61496108045983,0.0731721559422864,8379.843433093558,282.79924192577806
1.26,44.636187699471364,0.0736779891788976,8462.225930118728,287.56726722795975
1.27,44.65717567303793,0.07417769790583305,8544.478860055799,292.3431074843566
1.28,44.67792767113759,0.07467262558432239,8626.593559300478,297.1307821359962
1.29,44.69844634952531,0.07516412527375284,8708.561584410272,301.9345578773741
1.3,44.71873434905299,0.07565355598930858,8790.374711591166,306.7589365102216
1.31,44.73879429502111,0.07614227905945689,8872.024935954085,311.6086418426913
1.32,44.75862879656246,0.0766316544859063,8953.504470554268,316.4886056468392
1.33,44.7782404460578,0.07712303731085882,9034.805745226444,321.40395269712076
1.34,44.79763181858261,0.07761777399848209,9115.921405228135,326.35998492274877
1.35,44.81680547138535,0.07811719883959266,9196.84430970308,331.362164717496
1.36,44.835763943395946,0.07862263039053413,9277.567529976302,336.4160974616971
1.37,44.85450975476456,0.07913536795907751,9358.084347692056,341.52751332250466
1.3800000000000001,44.873045406429625,0.0796566881518271,9438.388252805253,346.70224840962203
1.3900000000000001,44.89137337971492,0.08018784149909043,9518.472941437032,351.94622537486293
1.4000000000000001,44.909496135954384,0.08073004917434104,9598.332313604024,357.265433554232
1.4100000000000001,44.927416116144514,0.08128449982629479,9677.960470831367,362.66590876091226
1.42,44.9451357406232,0.08185234654221724,9757.3517136584,368.15371284633443
1.43,44.962657408774454,0.08243470396124616,9836.500539045872,373.7349131537025
1.44,44.97998349875803,0.08303264555636224,9915.4016376935,379.41556199422274
1.45,44.99711636726339,0.08364720110310077,9994.049891275663,385.20167628049984
1.46,45.01405834928677,0.08427935435212028,10072.440369603211,391.0992174535658
1.47,45.03081175793116,0.08493004092147872,10150.568327718867,397.1140718403766
1.48,45.04737888422771,0.08560014642274459,10228.429202933421,403.2520315764547
1.49,45.063761996978386,0.08629050483313822,10306.018611809366,409.5187762244828
1.5,45.079963342618356,0.0870018971235815,10383.332347098776,415.91985521326427
1.51,45.09598514509836,0.08773505015008162,10460.366374641406,422.46067121348176
1.52,45.11182960578506,0.08849063581316191,10537.116830229166,429.14646455642804
1.53,45.12749890337948,0.08926927048731932,10613.580016442445,435.98229879044794
1.54,45.14299519385258,0.09007151471960669,10689.752399463765,442.9730474564201
1.55,45.15832061039695,0.09089787319368409,10765.630605873903,450.1233821497061
1.56,45.17347726339446,0.09174879495291034,10841.211419435194,457.43776192072175
1.57,45.18846724039835,0.09262467387347882,10916.491777866819,464.9204240509214
1.58,45.20329260613004,0.09352584937619489,10991.468769616276,472.57537622519635
1.59,45.217955402489245,0.09445260736334976,11066.139630631193,480.40639010640666
1.6,45.23245764857693,0.09540518136523767,11140.501741135437,488.41699630245824
1.61,45.2468013407309,0.09638375387932628,11214.552622413088,496.6104807024602
1.62,45.260988452572704,0.09738845788378796,11288.289933603883,504.9898821448711
1.6300000000000001,45.27502093506594,0.09841937850623302,11361.711468513164,513.5579913689445
1.6400000000000001,45.28890071658484,0.09947655482785235,11434.815152439609,522.3173511897961
1.6500000000000001,45.30262970299298,0.10055998180293378,11507.599039023451,531.2702578285625
1.6600000000000001,45.316209777731444,0.10166961227375067,11580.06130711789,540.418763321406
1.6700000000000002,45.32964280191572,0.10280535906114045,11652.200257686185,549.7646789252714
1.68,45.342930614441244,0.1039670971116717,11724.014310726787,559.3095794339152
1.69,45.3560750320968,0.10515466568308547,11795.502002228575,569.0548083148701
1.7,45.36907784968532,0.10636787055070113,11866.661981158244,579.0014835766847
1.71,45.38194084015184,0.10760648621860877,11937.493006481642,589.1505042757934
1.72,45.39466575471801,0.1088702581207166,12007.993944220781,599.5025575734268
1.73,45.407254323022705,0.11015890479809477,12078.163764547988,610.0581262554518
1.74,45.41970825326863,0.11147212004040995,12148.001538918637,620.8174966310033
1.75,45.43202923237411,0.11280957498069866,12217.506437243796,631.7807667299046
1.76,45.44421892613006,0.11417092013411334,12286.67772510375,642.9478547233671
1.77,45.456278979361635,0.11555578737266549,12355.514761003727,654.3185074975261
1.78,45.468211016094095,0.11696379182933302,12424.0169936723,665.8923093147673
1.79,45.480016639722926,0.1183945337261524,12492.183959403748,677.6686905033496
1.8,45.49169743318747,0.1198476001221346,12560.015279444708,689.646936121548
1.81,45.50325495914802,0.12132256657794031,12627.510657425864,701.8261945481944
1.82,45.51469076016622,0.12281899873526379,12694.669876839163,714.20548595704
1.83,45.526006358887955,0.12433645380980732,12761.492798560921,726.7837106377283
1.84,45.53720325822927,0.1258744819975567,12827.979358421257,739.5596571315239
1.85,45.54828294156421,0.12743262779478173,12894.12956481992,752.5320101545364
1.86,45.55924687291509,0.12901043123282993,12959.943496388805,765.6993582860371
1.87,45.570096497144554,0.1306074290293382,13025.421299701315,779.0602014036157
1.8800000000000001,45.58083324014915,0.13222315565792092,13090.563187028354,792.6129578507591
1.8900000000000001,45.59145850905448,0.13385714433880191,13155.369434141196,806.3559713262019
1.9000000000000001,45.60197369241168,0.13550892795314654,13219.840378160949,820.2875174874086
1.9100000000000001,45.61238016039481,0.13717803988409008,13283.976415454516,834.4058102635296
1.9200000000000002,45.62267926499904,0.138864014787655,13347.777999576909,848.7090078757357
1.93,45.632872340239864,0.14056638929684886,13411.245639259523,863.1952185649878
1.94,45.6429607023526,0.142284702662334,13474.37989644424,877.8625060293201
1.95,45.65294564999233,0.14401849733308406,13537.181384362857,892.7088945743285
1.96,45.6628284644341,0.14576731948043972,13599.650765661612,907.7323739819766
1.97,45.67261040977323,0.14753071946895768,13661.788750570282,922.9309041040292
1.98,45.682292733125635,0.14930825227737143,13723.596095115401,938.3024191873576
1.99,45.69187666482774,0.1510994778729139,13785.07359937721,953.8448319391109
2.0,45.70136341863647,0.15290396154216457,13846.222105789773,969.5560373404684
2.01,45.71075419192859,0.15472127418144943,13907.042497483679,985.433916217956
2.02,45.72005016589973,0.15655099254972238,13967.535696670802,1001.4763385817498
2.03,45.72925250576242,0.15839269948673873,14027.702663070702,1017.68116674069
2.04,45.73836236094404,0.16024598409915078,14087.544392377711,1034.0462582034265
2.05,45.747380865283375,0.16211044191709442,14147.061914768416,1050.5694683757436
2.0599999999999996,45.75630913722669,0.16398567502361885,14206.256293448887,1067.2486530634321
2.07,45.76514828002258,0.16587129215924462,14265.128623240682,1084.0816707904257
2.0799999999999996,45.773899381916024,0.1677669088037539,14323.680029205474,1101.0663849414707
2.09,45.78256351634115,0.1696721472372118,14381.911665307165,1118.2006657385473
2.0999999999999996,45.79114174211295,0.17158663658206702,14439.82471311118,1135.4823920598335
2.11,45.799635103617526,0.1735100128280801,14497.420380520009,1152.909453109944
2.1199999999999997,45.80804463100145,0.17544191884170293,14554.699900544549,1170.4797499498084
2.13,45.8163713403594,0.17738200436138696,14611.664530110269,1188.1911968940612
2.1399999999999997,45.824616233920544,0.17932992598024777,14668.315548897863,1206.041722783865
2.15,45.83278030023342,0.18128534711734876,14724.654258217346,1224.0292721423796
2.1599999999999997,45.84086451434954,0.18324793797882108,14780.681979915262,1242.1518062201344
2.17,45.84886983800505,0.1852173755098966,14836.400055313958,1260.4073039368575
2.1799999999999997,45.85679721980118,0.18719334333889842,14891.809844182517,1278.7937627264519
2.19,45.864647595383076,0.18917553171408588,14946.912723738651,1297.3091992909774
2.1999999999999997,45.87242188761661,0.191163637434241,15001.710087680523,1315.9516502696508
2.21,45.88012100676408,0.19315736377376114,15056.203345248428,1334.7191728283217
2.2199999999999998,45.88774585065776,0.19515642040298894,15110.393920315084,1353.6098451746825
2.23,45.89529730487196,0.19716052330442294,15164.28325050426,1372.6217670041078
2.2399999999999998,45.90277624289338,0.199169394685422,15217.87278633684,1391.7530598809228
2.25,45.910183526289465,0.20118276288793216,15271.163990403895,1411.0018675594208
2.26,45.917520004875364,0.20320036229574653,15324.158336565812,1430.366356248889
2.27,45.924786516878704,0.20522193323974472,15376.85730917731,1449.8447148266237
2.28,45.93198388910287,0.20724722190150868,15429.262402337155,1469.435155002528
2.29,45.93911293708829,0.20927598021570049,15481.375119162441,1489.135911438941
2.3,45.946174465272,0.2113079657715223,15533.196971086498,1508.9452418289447
2.31,45.953169267145455,0.21334294171356655,15584.729477180023,1528.86142693626
2.32,45.960098125410134,0.21538067664232594,15635.974163494797,1548.882770599694
2.3299999999999996,45.966961812131856,0.21742094451459837,15686.932562429289,1569.00759970486
2.34,45.97376108889276,0.21946352454400878,15737.60621211577,1589.2342641257417
2.3499999999999996,45.980496706941935,0.22150820110184993,15787.996655828207,1609.5611366386418
2.36,45.98716940734364,0.22355476361839316,15838.105441410464,1629.9866128106423
2.3699999999999997,45.993779921124144,0.22560300648484338,15887.934120724254,1650.5091108648387
2.38,46.00032896941654,0.22765272895606067,15937.484249116382,1671.1270715243347
2.3899999999999997,46.00681726360384,0.2297037350541762,15986.757384904562,1691.8389578368817
2.4,46.01324550545995,0.23175583347319043,16035.755088881459,1712.6432549818787
2.4099999999999997,46.01961438728928,0.2338088374846701,16084.478923836537,1733.5384700615
2.42,46.02592459206415,0.23586256484459206,16132.930454094909,1754.5231318773924
2.4299999999999997,46.0321767935605,0.23791683770143368,16181.111245073034,1775.59579069451
2.44,46.038371656492004,0.23997148250553654,16229.022862850587,1796.7550179933285
2.4499999999999997,46.04450983664204,0.2420263299198111,16276.666873758164,1817.9994062117835
2.46,46.050591980994135,0.24408121473182237,16324.044843980282,1839.3275684781504
2.4699999999999998,46.05661872786057,0.24613597576727306,16371.158339173267,1860.7381383358693
2.48,46.06259070700929,0.2481904558049345,16418.008924097616,1882.2297694614947
2.4899999999999998,46.06850853978891,0.25024450149302035,16464.598162264425,1903.8011353765894
2.5,46.07437283925212,0.25229796326703746,16510.927615595367,1925.4509291545955
2.51,46.080184210277324,0.2543506952691112,16556.998844095986,1947.1778631234392
2.52,46.08594324968868,0.25640255526880174,16602.813405541765,1968.9806685647147
2.53,46.09165054637415,0.25845340458539556,16648.372855176684,1990.8580954100808
2.54,46.09730668140236,0.2605031080116933,16693.67874542386,2012.8089119356853
2.55,46.102912228137185,0.2625515337392658,16738.73262560784,2034.8319044550701
2.56,46.108467752351274,0.26459855328519233,16783.53604168843,2056.925877011379
2.57,46.11397381233762,0.2666440414202477,16828.09053600521,2079.089651069093
2.5799999999999996,46.11943095901951,0.2686878760985511,16872.397647033205,2101.3220652061236
2.59,46.12483973605898,0.27072993838864107,16916.458909148387,2123.6219748064373
2.5999999999999996,46.130200679963636,0.2727701124059711,16960.27585240367,2145.988251753856
2.61,46.135514320191945,0.27480828524681133,17003.850002314306,2168.4197841272735
2.6199999999999997,46.14078117925699,0.27684434692352833,17047.182879652817,2190.9154758977224
2.63,46.1460017728286,0.2788781903012332,17090.276000253118,2213.474246627617
2.6399999999999997,46.15117660983395,0.2809097110357742,17133.130874823335,2236.095031172438
2.65,46.15630619255688,0.2829388075130435,17175.749008767274,2258.776779385137
2.6599999999999997,46.16139101673551,0.28496538078960093,17218.13190201413,2281.5184558235765
2.67,46.16643157165836,0.2869893345345594,17260.28104885623,2304.319039461112
2.6799999999999997,46.17142834025933,0.2890105749727427,17302.19793779454,2327.1775234006614
2.69,46.176381799210915,0.2910290108290675,17343.88405139165,2350.092914592322
2.6999999999999997,46.181292419016074,0.2930445532741345,17385.34086613205,2373.064233554708
2.71,46.186160664099,0.29505711587102135,17426.569852289453,2396.0905141003554
2.7199999999999998,46.190986992894004,0.29706661452322236,17467.57247380084,2419.1708030649634
2.73,46.195771857933515,0.29907296742374406,17508.350188147186,2442.3041600409083
2.7399999999999998,46.20051570593448,0.30107609500530563,17548.904446240427,2465.4896571149347
2.75,46.205218977883554,0.3030759198916533,17589.236692316663,2488.7263786102862
2.76,46.20988210912079,0.305072366849926,17629.348363835255,2512.013420833088
2.77,46.214505529422276,0.30706536274408613,17669.240891383623,2535.3498918232613
2.78,46.219089663081476,0.3090548364893736,17708.91569858771,2558.734911110032
2.79,46.223634928989156,0.3110407190077606,17748.37420202768,2582.1676094717805
2.8,46.22814174071211,0.3130229431843963,17787.617811158805,2605.6471287006625
2.81,46.23261050657088,0.31500144382500517,17826.647928237442,2629.1726213716756
2.82,46.237041629715996,0.316976157614235,17865.46594825171,2652.7432506164328
2.8299999999999996,46.24143550820315,0.3189470230749141,17904.0732588569,2676.3581899014143
2.84,46.245792535067324,0.3209139805282162,17942.471240315375,2700.016622810955
2.8499999999999996,46.2501130983954,0.3228769720546916,17980.661265440744,2723.717742834653
2.86,46.25439758139815,0.3248359414561708,18018.644699546297,2747.4607531595007
2.8699999999999997,46.25864636248069,0.32679083421849153,18056.422900397454,2771.2448664663834
2.88,46.262859815311856,0.3287415974750579,18093.997218168013,2795.069304731263
2.8899999999999997,46.267038308892964,0.33068817997118644,18131.36899540029,2818.9332990306366
2.9,46.271182207624705,0.33263053202924625,18168.539566968837,2842.8360893516046
2.9099999999999997,46.275291871373774,0.33456860551455536,18205.510260047526,2866.776924406225
2.92,46.27936765553802,0.3365023538020198,18242.28239408014,2890.755061450196
2.9299999999999997,46.28340991111053,0.3384317317435097,18278.857280754077,2914.769766105898
2.94,46.28741898474302,0.34035669563593923,18315.236223977357,2938.820312189627
2.9499999999999997,46.29139521880797,0.34227720319004096,18351.420519858322,2962.9059815429805
2.96,46.295338951459854,0.34419321349982146,18387.411456688496,2987.0260638684135
2.9699999999999998,46.299250516695516,0.346104687012683,18423.210314928096,3011.179856568869
2.98,46.303130244413346,0.34801158550017247,18458.818367194217,3035.3666645912745
2.9899999999999998,46.30697846047188,0.349913872029391,18494.23687825166,3059.5858002741606
3.0,46.31079548674709,0.35181151093499535,18529.467105006053,3083.8365831989895
